0,0,0,0,0,0,0
0,1.1645,101250,299.62,0.11,2.75,0
150.1501502,1.152932432,99510.17417,297.6542042,-0.38024024,2.874624625,0
300.3003003,1.136367868,97783.67568,296.8884985,-0.61045045,2.479189189,0
450.4504505,1.120352252,96126.55856,296.1377477,-0.835675676,2.073783784,0
600.6006006,1.104537538,94490.53153,295.3870571,-1.060900901,1.668378378,0
750.7507508,1.088921922,92878.997,294.6462462,-1.291201201,1.262972973,0
900.9009009,1.073308108,91287.56757,293.8954955,-1.521351351,0.857567568,0
1051.051051,1.057992793,89721.11111,293.1498498,-1.746576577,0.452162162,0
1201.201201,1.04277988,88174.77177,292.403994,-1.971801802,0.046756757,0
1351.351351,1.027764865,86651.89189,291.6532432,-2.197027027,-0.358648649,0
1501.501502,1.012855856,85149.3003,290.9118919,-2.424054054,-0.761651652,0
1651.651652,0.998436276,83680.36336,290.1062462,-2.83978979,-0.906156156,0
1801.801802,0.984089369,82223.73874,289.3002703,-3.275225225,-1.021261261,0
1951.951952,0.969901321,80789.97598,288.4946547,-3.705465465,-1.126366366,0
2102.102102,0.955845135,79374.42943,287.6886486,-4.136096096,-1.241471471,0
2252.252252,0.941957568,77981.23423,286.8778378,-4.571531532,-1.346576577,0
2402.402402,0.928201862,76606.28228,286.077027,-5.006966967,-1.461681682,0
2552.552553,0.91459976,75253.12913,285.2662162,-5.442402402,-1.566786787,0
2702.702703,0.90113973,73918.27027,284.4556757,-5.877567568,-1.672162162,0
2852.852853,0.887828378,72604.18018,283.6545946,-6.303273273,-1.786996997,0
3003.003003,0.874659039,71307.41441,282.8440841,-6.738708709,-1.892402402,0
3153.153153,0.861738559,70041.42342,282.0482883,-7.11036036,-1.980630631,0
3303.303303,0.848877568,68792.71471,281.2731532,-7.18966967,-1.938348348,0
3453.453453,0.836071802,67557.28529,280.5073874,-7.18,-1.863273273,0
3603.603604,0.823399099,66339.13514,279.7316216,-7.17,-1.787837838,0
3753.753754,0.810888438,65140.73273,278.9658559,-7.17,-1.703123123,0
3903.903904,0.798511051,63958.66667,278.2000901,-7.16,-1.628048048,0
4054.054054,0.786287027,62796.32432,277.4343243,-7.16,-1.552972973,0
4204.204204,0.774194925,61650.3003,276.6681381,-7.15,-1.477897898,0
4354.354354,0.762266006,60523.06006,275.8927928,-7.144564565,-1.402822823,0
4504.504505,0.75046955,59412.07207,275.127027,-7.14,-1.327747748,0
4654.654655,0.738820661,58318.84685,274.3612613,-7.134534535,-1.252672673,0
4804.804805,0.727305315,57241.98198,273.5954955,-7.13,-1.167597598,0
4954.954955,0.715941892,56183.31532,272.8297297,-7.124504505,-1.092522523,0
5105.105105,0.704712222,55139.97898,272.0634535,-7.12,-1.017447447,0
5255.255255,0.693634264,54113.81682,271.2881982,-7.114474474,-0.942372372,0
5405.405405,0.68267973,53103.05405,270.5224324,-7.109459459,-0.867297297,0
5555.555556,0.671872222,52109,269.7566667,-7.1,-0.792222222,0
5705.705706,0.661188889,51130.25526,268.9909009,-7.099429429,-0.716576577,0
5855.855856,0.650946126,50187.86486,268.213964,-7.084414414,-0.637657658,0
6006.006006,0.641076006,49256.58258,267.3115616,-6.973393393,-0.588798799,0
6156.156156,0.631248619,48324.51652,266.3562162,-6.813843844,-0.553153153,0
6306.306306,0.621515766,47405.90991,265.4002703,-6.663693694,-0.518738739,0
6456.456456,0.611913724,46502.39039,264.4486787,-6.507897898,-0.483063063,0
6606.606607,0.602405766,45611.35135,263.4977177,-6.353393393,-0.448018018,0
6756.756757,0.59301973,44735.81081,262.5424324,-6.203243243,-0.408648649,0
6906.906907,0.583737297,43872.83784,261.5864865,-6.043093093,-0.368618619,0
7057.057057,0.574576637,43024.33934,260.6348348,-5.892942943,-0.338588589,0
7207.207207,0.565509009,42188.36036,259.6838739,-5.742072072,-0.298558559,0
7357.357357,0.556558709,41365.97598,258.7286486,-5.582642643,-0.262792793,0
7507.507508,0.547712312,40556.06006,257.7727027,-5.432492492,-0.227747748,0
7657.657658,0.539241081,39771.0991,256.7690991,-5.259279279,-0.205765766,0
7807.807808,0.531042132,38994.71171,255.6614414,-5.038288288,-0.210780781,0
7957.957958,0.522842883,38223.41441,254.5411111,-4.813063063,-0.225795796,0
8108.108108,0.514725405,37462.45946,253.42,-4.588648649,-0.230810811,0
8258.258258,0.506706486,36715.2042,252.3030631,-4.372612613,-0.245825826,0
8408.408408,0.498769399,35978.3033,251.1869369,-4.147387387,-0.250840841,0
8558.558559,0.490924955,35253.91892,250.0666667,-3.928018018,-0.265855856,0
8708.708709,0.483164114,34540.15616,248.9455556,-3.706936937,-0.270870871,0
8858.858859,0.475494084,33838.30631,247.8285586,-3.481711712,-0.285885886,0
9009.009009,0.467908649,33147.00901,246.7133333,-3.266486486,-0.290900901,0
9159.159159,0.46040979,32467.37538,245.5963063,-3.041261261,-0.3,0
9309.309309,0.452994775,31798.03904,244.4801802,-2.816966967,-0.310930931,0
9459.459459,0.44567027,31140.35135,243.36,-2.600810811,-0.32,0
9609.60961,0.438420661,30493.06306,242.2388889,-2.375585586,-0.330960961,0
9759.75976,0.431625946,29879.71772,241.1098498,-2.15036036,-0.351951952,0
9909.90991,0.424852162,29268.07207,239.9527027,-1.935135135,-0.392972973,0
10060.06006,0.417939249,28650.95495,238.7815315,-1.70990991,-0.438018018,0
10210.21021,0.41109952,28044.26126,237.6113814,-1.484684685,-0.483063063,0
10360.36036,0.404345856,27447.57658,236.4491892,-1.265495495,-0.528108108,0
10510.51051,0.397657538,26860.42943,235.2790691,-1.044234234,-0.573153153,0
10660.66066,0.391063063,26283.27628,234.1168468,-0.819009009,-0.618198198,0
10810.81081,0.384534054,25715.67568,232.9456757,-0.593783784,-0.663243243,0
10960.96096,0.378086967,25158.05405,231.7806006,-0.374654655,-0.708288288,0
11111.11111,0.371768889,24608.88889,230.58,-0.165555556,-0.707777778,0
11261.26126,0.365556036,24069.2973,229.3637838,0.02963964,-0.683873874,0
11411.41141,0.359406697,23538.28829,228.1475676,0.224834835,-0.658858859,0
11561.56156,0.353329069,23017.61261,226.9251952,0.42003003,-0.643843844,0
11711.71171,0.347326216,22504.53153,225.7051351,0.615225225,-0.618828829,0
11861.86186,0.341398829,22001,224.4889189,0.816606607,-0.597627628,0
12012.01201,0.335525135,21505.84084,223.2727027,1.015615616,-0.578798799,0
12162.16216,0.329739189,21018.83784,222.0564865,1.210810811,-0.557567568,0
12312.31231,0.324014595,20540.33934,220.8402703,1.406006006,-0.537537538,0
12462.46246,0.318501321,20080.11111,219.6240541,1.594954955,-0.513753754,0
12612.61261,0.31294955,19623.78378,218.4403604,1.683783784,-0.476216216,0
12762.76276,0.307374054,19170.71171,217.2604505,1.728828829,-0.424894895,0
12912.91291,0.301861261,18724.29429,216.0892793,1.775165165,-0.376126126,0
13063.06306,0.296423423,18287.74775,214.9118018,1.828918919,-0.331081081,0
13213.21321,0.291052252,17857.73874,213.7369369,1.873963964,-0.286036036,0
13363.36336,0.285755946,17436.21622,212.5594294,1.925345345,-0.240990991,0
13513.51351,0.280522432,17022.24324,211.3845946,1.974054054,-0.195945946,0
13663.66366,0.275352703,16615.74474,210.2070571,2.019099099,-0.150900901,0
13813.81381,0.270255856,16216.80781,209.0322523,2.074144144,-0.095855856,0
13963.96396,0.265223604,15825.33333,207.8546847,2.119189189,-0.050810811,0
14114.11411,0.260258468,15440.43243,206.6799099,2.165645646,-0.005765766,0
14264.26426,0.255573483,15076.83483,205.5087387,2.219279279,0.039279279,0
14414.41441,0.250313874,14714.11712,204.7823423,2.082702703,0.061441441,0
14564.56456,0.244865676,14352.69069,204.1881982,1.896066066,0.076456456,0
14714.71471,0.239523514,13997.86186,203.5911411,1.712342342,0.091471471,0
14864.86486,0.234285676,13652.10811,202.997027,1.525675676,0.106486486,0
15015.01502,0.229142492,13313.66667,202.4014414,1.34048048,0.121501502,0
15165.16517,0.2241,12982.28829,201.8093393,1.151801802,0.136516517,0
15315.31532,0.219152252,12658.53153,201.2187387,0.961621622,0.151531532,0
15465.46547,0.214298559,12341.52252,200.6246847,0.781441441,0.166546547,0
15615.61562,0.209542793,12032.3003,200.0290991,0.591261261,0.181561562,0
15765.76577,0.204877838,11729.46847,199.4369369,0.404504505,0.19,0
15915.91592,0.200302523,11433.12312,198.8463363,0.219309309,0.201591592,0
16066.06607,0.195817838,11143.81381,198.2523423,0.030720721,0.216606607,0
16216.21622,0.191421351,10861,197.6551351,-0.151081081,0.231621622,0
16366.36637,0.187108559,10584.54955,197.0611712,-0.33963964,0.246636637,0
16516.51652,0.182880841,10313.76577,196.4655856,-0.52981982,0.261651652,0
16666.66667,0.17838,10033.2,195.94,-0.696666667,0.27,0
16816.81682,0.173665405,9767.564565,195.9334535,-0.706636637,0.224954955,0
16966.96697,0.169110991,9517.337538,196.0535736,-0.676606607,0.173213213,0
17117.11712,0.164673604,9273.44955,196.1836937,-0.646576577,0.113153153,0
17267.26727,0.16035961,9036.226727,196.3038138,-0.616546547,0.053093093,0
17417.41742,0.156152763,8804.9997,196.4256757,-0.586516517,0.003033033,0
17567.56757,0.152072432,8580.02973,196.5540541,-0.556486486,-0.057027027,0
17717.71772,0.148089339,8360.810511,196.6759459,-0.526456456,-0.117087087,0
17867.86787,0.144219369,8147.40991,196.8042943,-0.496426426,-0.17036036,0
18018.01802,0.140446757,7939.531532,196.9244144,-0.466396396,-0.227207207,0
18168.16817,0.136787147,7737.195495,197.0513514,-0.436366366,-0.287267267,0
18318.31832,0.133213183,7540.006006,197.1746547,-0.416336336,-0.337327327,0
18468.46847,0.129742072,7348.118919,197.2947748,-0.386306306,-0.397387387,0
18618.61862,0.12636039,7161.148048,197.4248949,-0.356276276,-0.457447447,0
18768.76877,0.122754505,6966.799099,197.7169369,-0.381261261,-0.496876877,0
18918.91892,0.119134865,6784.524324,198.3808108,-0.540810811,-0.5,0
19069.06907,0.115715946,6613.221021,199.0946246,-0.712882883,-0.5,0
19219.21922,0.112404865,6446.627928,199.8003303,-0.883063063,-0.51,0
19369.36937,0.109196306,6285.021622,200.512973,-1.056306306,-0.51,0
19519.51952,0.106085706,6127.892492,201.2217417,-1.231471471,-0.51,0
19669.66967,0.103080541,5975.312312,201.9344144,-1.396636637,-0.51,0
19819.81982,0.100174018,5826.914414,202.6431532,-1.571801802,-0.51,0
19969.96997,0.097355057,5682.828529,203.3488589,-1.743963964,-0.51,0
20120.12012,0.094623063,5542.69009,204.0645646,-1.916156156,-0.51,0
20270.27027,0.091977189,5406.427027,204.7702703,-2.104324324,-0.51,0
20420.42042,0.089410571,5273.795495,205.475976,-2.308588589,-0.52,0
20570.57057,0.086925465,5144.744444,206.1816817,-2.518798799,-0.512942943,0
20720.72072,0.084479631,5016.145946,206.8521622,-2.745225225,-0.507927928,0
20870.87087,0.08207079,4882.890691,207.2600901,-3.007567568,-0.478738739,0
21021.02102,0.079934547,4764.166667,207.6304505,-3.28993994,-0.445795796,0
21171.17117,0.077856955,4648.425225,207.9908108,-3.575225225,-0.415765766,0
21321.32132,0.075834345,4535.664865,208.3611712,-3.884774775,-0.375735736,0
21471.47147,0.073868015,4425.711712,208.7215315,-4.20009009,-0.345705706,0
21621.62162,0.071953514,4318.543243,209.0840541,-4.527567568,-0.315675676,0
21771.77177,0.070091643,4214.077477,209.4522523,-4.865075075,-0.285645646,0
21921.92192,0.068279225,4112.2,209.8148048,-5.222612613,-0.255615616,0
22072.07207,0.066515802,4012.992793,210.182973,-5.582972973,-0.225585586,0
22222.22222,0.064799667,3916.233333,210.5533333,-5.955555556,-0.195555556,0
22372.37237,0.063129456,3821.912012,210.9209309,-6.338168168,-0.172762763,0
22522.52252,0.061503586,3729.963964,211.2963063,-6.730810811,-0.147747748,0
22672.67267,0.059922024,3640.377778,211.6644144,-7.136216216,-0.125465465,0
22822.82282,0.058382174,3553.045345,212.0370571,-7.541621622,-0.107717718,0
22972.97297,0.056884027,3467.889189,212.4124324,-7.954324324,-0.085405405,0
23123.12312,0.055425637,3384.844144,212.7901201,-8.377057057,-0.067687688,0
23273.27327,0.054006429,3303.972072,213.1731832,-8.812492492,-0.052672673,0
23423.42342,0.052625486,3225.213514,213.5509009,-9.237927928,-0.04,0
23573.57357,0.051281402,3148.324625,213.9339339,-9.680720721,-0.032642643,0
23723.72372,0.049973162,3073.475375,214.3216817,-10.1187988,-0.02,0
23873.87387,0.048627324,2995.912613,214.7046847,-10.56162162,-0.012612613,0
24024.02402,0.047375808,2923.724925,215.0700601,-10.98726727,-0.02,0
24174.17417,0.046184249,2855.024925,215.4454354,-11.40768769,-0.02,0
24324.32432,0.045023378,2788.021622,215.8208108,-11.84054054,-0.03,0
24474.47447,0.04389342,2722.701502,216.2036336,-12.26852853,-0.03,0
24624.62462,0.042792456,2659.056156,216.594024,-12.69894895,-0.03,0
24774.77477,0.041720342,2597.042342,216.9844144,-13.12684685,-0.037477477,0
24924.92492,0.040675763,2536.52973,217.3772973,-13.54978979,-0.04,0
25075.07508,0.039667505,2477.670871,217.7376577,-13.94018018,-0.04,0
25225.22523,0.038693315,2420.340541,218.052973,-14.29054054,-0.05,0
25375.37538,0.037745904,2364.486486,218.3682883,-14.63582583,-0.057537538,0
25525.52553,0.036822826,2309.987387,218.6836036,-14.96615616,-0.062552553,0
25675.67568,0.035924243,2256.837838,218.9989189,-15.28891892,-0.07,0
25825.82583,0.035049276,2205.045045,219.3142342,-15.59906907,-0.072582583,0
25975.97598,0.034198015,2154.524024,219.621952,-15.89195195,-0.08,0
26126.12613,0.033368135,2105.261261,219.9322523,-16.17702703,-0.09,0
26276.27628,0.032560447,2057.144144,220.2401802,-16.43966967,-0.09,0
26426.42643,0.031773904,2010.287087,220.5428529,-16.69228228,-0.092642643,0
26576.57658,0.031008288,1964.573874,220.8508108,-16.92486486,-0.1,0
26726.72673,0.030261574,1919.895796,221.1534535,-17.14741742,-0.1,0
26876.87688,0.029534991,1876.436336,221.4537538,-17.34993994,-0.1,0
27027.02703,0.028826865,1833.959459,221.7540541,-17.53243243,-0.1,0
27177.17718,0.028137072,1792.453453,222.0543544,-17.71261261,-0.1,0
27327.32733,0.027464486,1752.058258,222.3546547,-17.89279279,-0.1,0
27477.47748,0.026808523,1712.578378,222.654955,-18.07297297,-0.1,0
27627.62763,0.026169517,1674.01021,222.9552553,-18.25315315,-0.1,0
27777.77778,0.025546556,1636.411111,223.2555556,-18.43333333,-0.1,0
27927.92793,0.024938847,1599.669369,223.5558559,-18.61351351,-0.1,0
28078.07808,0.024346715,1563.795495,223.8561562,-18.79369369,-0.1,0
28228.22823,0.023769297,1528.807508,224.1564565,-18.97387387,-0.1,0
28378.37838,0.023206432,1494.586486,224.4567568,-19.15405405,-0.1,0
28528.52853,0.022657583,1461.252252,224.7570571,-19.33423423,-0.1,0
28678.67868,0.022122477,1428.684084,225.0573574,-19.51441441,-0.1,0
28828.82883,0.021600405,1396.874775,225.3576577,-19.69459459,-0.1,0
28978.97898,0.021091631,1365.809309,225.657958,-19.87477477,-0.1,0
29129.12913,0.02059533,1335.403303,225.9582583,-20.05495495,-0.1,0
29279.27928,0.020111306,1305.840541,226.2585586,-20.23513514,-0.1,0
29429.42943,0.019639769,1276.908408,226.5588589,-20.41531532,-0.1,0
29579.57958,0.019179078,1248.618619,226.8591592,-20.5954955,-0.1,0
29729.72973,0.018730595,1221.018919,227.1594595,-20.77567568,-0.1,0
29879.87988,0.018292348,1194.081381,227.4597598,-20.95585586,-0.1,0
30030.03003,0.017864414,1167.834835,227.7810811,-21.13603604,-0.1,0
30180.18018,0.017441297,1142.24955,228.1864865,-21.3081982,-0.1,0
30330.33033,0.017029108,1117.225826,228.5918919,-21.48336336,-0.11,0
30480.48048,0.016627727,1092.762162,228.9972973,-21.65657658,-0.11,0
30630.63063,0.016236279,1068.990991,229.4027027,-21.83369369,-0.11,0
30780.78078,0.015854432,1045.65976,229.8081081,-22.00693694,-0.118078078,0
30930.93093,0.015482529,1022.991291,230.2035135,-22.17711712,-0.12,0
31081.08108,0.015119405,1000.772973,230.6089189,-22.3572973,-0.12,0
31231.23123,0.014766544,979.1057958,231.0143243,-22.52747748,-0.123123123,0
31381.38138,0.01442145,957.9347447,231.4197297,-22.69951952,-0.13,0
31531.53153,0.014085631,937.2643243,231.8251351,-22.87783784,-0.13,0
31681.68168,0.013757751,917.0673273,232.2305405,-23.04984985,-0.13,0
31831.83183,0.013438471,897.350961,232.6359459,-23.22501502,-0.14,0
31981.98198,0.013127117,878.0854955,233.0413514,-23.39837838,-0.14,0
32132.13213,0.012823736,859.2716817,233.4467568,-23.57534535,-0.14,0
32282.28228,0.01252755,840.8844745,233.8439339,-23.74873874,-0.148228228,0
32432.43243,0.012238703,822.9362162,234.2475676,-23.91891892,-0.15,0
32582.58258,0.011956571,805.3821622,234.652973,-24.0990991,-0.15,0
32732.73273,0.011682081,788.2542943,235.0583784,-24.26927928,-0.153273273,0
32882.88288,0.011414297,771.4965766,235.4637838,-24.44117117,-0.16,0
33033.03303,0.011153183,755.1422523,235.8691892,-24.61963964,-0.16,0
33183.18318,0.010898252,739.1492192,236.2745946,-24.7915015,-0.16,0
33333.33333,0.010649667,723.54,236.6766667,-24.96666667,-0.17,0
33483.48348,0.010406592,708.2681682,237.0754054,-25.14018018,-0.17,0
33633.63363,0.010169868,693.3539039,237.4808108,-25.316997,-0.17,0
33783.78378,0.009939146,678.7648649,237.8862162,-25.49054054,-0.178378378,0
33933.93393,0.00971408,664.5271772,238.2916216,-25.66072072,-0.18,0
34084.08408,0.009494242,650.5974474,238.697027,-25.8409009,-0.18,0
34234.23423,0.009279932,636.9928829,239.1024324,-26.01108108,-0.183423423,0
34384.38438,0.009070612,623.6857357,239.5078378,-26.18282282,-0.19,0
34534.53453,0.008866524,610.6907508,239.9032432,-26.36144144,-0.19,0
34684.68468,0.008667186,597.978018,240.3086486,-26.53315315,-0.19,0
34834.83483,0.008472886,585.5574775,240.7140541,-26.70831832,-0.2,0
34984.98498,0.008283059,573.4072072,241.1194595,-26.88198198,-0.2,0
35135.13514,0.008097876,561.5294595,241.5148649,-27.04864865,-0.2,0
35285.28529,0.007916999,549.9115616,241.9117417,-27.22234234,-0.208528529,0
35435.43544,0.007740566,538.5565165,242.3056757,-27.38897898,-0.21,0
35585.58559,0.007568232,527.4494595,242.7025225,-27.55414414,-0.21,0
35735.73574,0.007400148,516.5984685,243.0964865,-27.72288288,-0.213573574,0
35885.88589,0.007235842,505.9722222,243.4933033,-27.89447447,-0.22,0
36036.03604,0.007075654,495.6023423,243.8936937,-28.05963964,-0.22,0
36186.18619,0.006919097,485.4396697,244.2840841,-28.2248048,-0.22,0
36336.33634,0.006766355,475.5208709,244.6844745,-28.39996997,-0.23,0
36486.48649,0.006617138,465.8089189,245.0748649,-28.56513514,-0.23,0
36636.63664,0.006471575,456.3138739,245.4752553,-28.7303003,-0.23,0
36786.78679,0.006329247,447.0226126,245.8743243,-28.90414414,-0.238678679,0
36936.93694,0.006190514,437.9448649,246.266036,-29.07063063,-0.24,0
37087.08709,0.006054796,429.0505706,246.6651351,-29.2357958,-0.24,0
37237.23724,0.005922504,420.3637538,247.0568168,-29.40468468,-0.243723724,0
37387.38739,0.005793096,411.8600901,247.4559459,-29.57612613,-0.25,0
37537.53754,0.005666844,403.5466967,247.8513514,-29.74129129,-0.25,0
37687.68769,0.005543447,395.4036336,248.247988,-29.90645646,-0.25,0
37837.83784,0.005423032,387.4510811,248.6421622,-30.08162162,-0.26,0
37987.98799,0.005305257,379.6598198,249.0387688,-30.24678679,-0.26,0
38138.13814,0.005190406,372.0392793,249.432973,-30.41195195,-0.26,0
38288.28829,0.005078014,364.5873874,249.8295495,-30.58594595,-0.268828829,0
38438.43844,0.004968424,357.294955,250.2299399,-30.75228228,-0.27,0
38588.58859,0.004861202,350.1586186,250.6203303,-30.91744745,-0.27,0
38738.73874,0.004756648,343.178018,251.0207207,-31.08648649,-0.273873874,0
38888.88889,0.004654322,336.3422222,251.4111111,-31.25777778,-0.28,0
39039.03904,0.00455449,329.6561862,251.8115015,-31.42294294,-0.28,0
39189.18919,0.004456795,323.1091892,252.2108108,-31.58810811,-0.28,0
39339.33934,0.004361534,316.7138138,252.6022823,-31.76327327,-0.29,0
39489.48949,0.004268285,310.4372372,253.0016216,-31.92843844,-0.29,0
39639.63964,0.004177295,304.3125225,253.3930631,-32.0936036,-0.29,0
39789.78979,0.004088224,298.3063664,253.7924324,-32.26774775,-0.298978979,0
39939.93994,0.004001394,292.4343243,254.1878378,-32.43393393,-0.3,0
40090.09009,0.00391755,286.6775676,254.5211712,-32.65315315,-0.309009009,0
40240.24024,0.003836412,281.0570871,254.8104805,-32.91840841,-0.314024024,0
40390.39039,0.003756955,275.5407508,255.1017417,-33.1827027,-0.32,0
40540.54054,0.003679284,270.1467568,255.397027,-33.43891892,-0.334054054,0
40690.69069,0.003603192,264.8558258,255.6823123,-33.70324324,-0.34,0
40840.84084,0.003528929,259.6814114,255.9775976,-33.96351351,-0.35,0
40990.99099,0.003456142,254.6127027,256.271982,-34.22468468,-0.359099099,0
41141.14114,0.003385046,249.6446847,256.5581682,-34.48405405,-0.37,0
41291.29129,0.003315323,244.7804204,256.8525826,-34.7451952,-0.379129129,0
41441.44144,0.003247234,240.0187387,257.1428829,-35.01045045,-0.384144144,0
41591.59159,0.003180608,235.3498198,257.434024,-35.26570571,-0.399159159,0
41741.74174,0.003115393,230.7835736,257.7293093,-35.53096096,-0.404174174,0
41891.89189,0.00305153,226.3008108,258.0145946,-35.79540541,-0.41,0
42042.04204,0.002989163,221.914985,258.3098799,-36.05147147,-0.424204204,0
42192.19219,0.002928062,217.6125225,258.6043844,-36.31594595,-0.43,0
42342.34234,0.002868259,213.4071171,258.8946847,-36.57621622,-0.44,0
42492.49249,0.002809713,209.284955,259.1857357,-36.83723724,-0.449249249,0
42642.64264,0.002752524,205.2457057,259.4752853,-37.09675676,-0.46,0
42792.79279,0.002696474,201.2888288,259.7663063,-37.35774775,-0.469279279,0
42942.94294,0.002641698,197.414955,260.0615916,-37.623003,-0.474294294,0
43093.09309,0.002587959,193.6140541,260.3561862,-37.87825826,-0.489309309,0
43243.24324,0.002535538,189.8905405,260.6464865,-38.14351351,-0.494324324,0
43393.39339,0.002484053,186.2492192,260.9374474,-38.40810811,-0.5,0
43543.54354,0.002433887,182.6767267,261.2270871,-38.66402402,-0.514354354,0
43693.69369,0.002384562,179.1763063,261.518018,-38.92864865,-0.52,0
43843.84384,0.002336458,175.7491291,261.8133033,-39.18891892,-0.53,0
43993.99399,0.002289274,172.3839339,262.107988,-39.44978979,-0.539399399,0
44144.14414,0.002243124,169.0920721,262.3982883,-39.70945946,-0.55,0
44294.29429,0.002197912,165.8621021,262.6891592,-39.9703003,-0.559429429,0
44444.44444,0.002153767,162.7055556,262.9844444,-40.23555556,-0.564444444,0
44594.59459,0.002110451,159.6108108,263.2697297,-40.49081081,-0.579459459,0
44744.74474,0.002068116,156.5751051,263.565015,-40.75606607,-0.584474474,0
44894.89489,0.002026509,153.6005706,263.8597898,-41.02081081,-0.59,0
45045.04505,0.001986378,150.6851351,264.1005405,-41.2,-0.6,0
45195.1952,0.00194783,147.8308108,264.2356757,-41.20951952,-0.60951952,0
45345.34535,0.001910209,145.0311111,264.3608108,-41.21453453,-0.614534535,0
45495.4955,0.001873204,142.281982,264.4863964,-41.22,-0.62,0
45645.64565,0.001836991,139.5875075,264.6210811,-41.22456456,-0.624564565,0
45795.7958,0.001801488,136.9435736,264.7466366,-41.23,-0.63,0
45945.94595,0.001766678,134.3589189,264.8767568,-41.24,-0.64,0
46096.0961,0.001732582,131.815976,265.0064865,-41.24,-0.64,0
46246.24625,0.001699126,129.3315616,265.136997,-41.25,-0.65,0
46396.3964,0.001666286,126.8883784,265.2667568,-41.25963964,-0.65963964,0
46546.54655,0.001634232,124.4945646,265.3918919,-41.26,-0.66,0
46696.6967,0.00160269,122.1415315,265.527027,-41.26966967,-0.66966967,0
46846.84685,0.001571843,119.8379279,265.6521622,-41.27468468,-0.674684685,0
46996.997,0.001541504,117.575045,265.7872973,-41.28,-0.68,0
47147.14715,0.001511906,115.3669369,265.9124324,-41.28471471,-0.684714715,0
47297.2973,0.001482822,113.1889189,266.0378378,-41.29,-0.69,0
47447.44745,0.00145428,111.0657357,266.1727027,-41.3,-0.7,0
47597.5976,0.001426344,108.9733934,266.2980781,-41.3,-0.7,0
47747.74775,0.001398958,106.9254054,266.4281982,-41.31,-0.71,0
47897.8979,0.001372074,104.917958,266.5581081,-41.31978979,-0.71978979,0
48048.04805,0.001345788,102.9453754,266.6884384,-41.32,-0.72,0
48198.1982,0.00131991,101.0130631,266.8183784,-41.32981982,-0.72981982,0
48348.34835,0.001294626,99.11764565,266.9435135,-41.33483483,-0.734834835,0
48498.4985,0.001269846,97.25751351,267.0786486,-41.34,-0.74,0
48648.64865,0.001245516,95.43575676,267.2037838,-41.34486486,-0.744864865,0
48798.7988,0.00122169,93.64525826,267.329039,-41.35,-0.75,0
48948.94895,0.001198262,91.89366066,267.4640541,-41.36,-0.76,0
49099.0991,0.001175337,90.17128829,267.5892793,-41.36,-0.76,0
49249.24925,0.001152911,88.48585586,267.7243243,-41.37,-0.77,0
49399.3994,0.001130888,86.82959459,267.8495195,-41.37993994,-0.77993994,0
49549.54955,0.001109264,85.20832432,267.9796396,-41.38,-0.78,0
49699.6997,0.001088042,83.61417417,268.1097297,-41.38996997,-0.78996997,0
49849.84985,0.001067371,82.05454655,268.2398799,-41.39498498,-0.794984985,0
50000,0.001047,80.521,268.37,-41.4,-0.8,0
50150.15015,0.001027931,79.02401502,268.2548949,-40.78438438,-0.8,0
50300.3003,0.001009163,77.5520991,268.1397898,-40.17876877,-0.8,0
50450.45045,0.00099084,76.10820721,268.0296396,-39.56315315,-0.8,0
50600.6006,0.000972769,74.68941441,267.9195195,-38.94753754,-0.8,0
50750.75075,0.000955052,73.2986006,267.8044745,-38.336997,-0.8,0
50900.9009,0.000937627,71.93092793,267.6992793,-37.72630631,-0.8,0
51051.05105,0.000920536,70.5911982,267.5842643,-37.11069069,-0.8,0
51201.2012,0.000903718,69.27262162,267.4691592,-36.4951952,-0.8,0
51351.35135,0.000887243,67.98097297,267.3589189,-35.88945946,-0.8,0
51501.5015,0.00087103,66.71049249,267.2487988,-35.27384384,-0.8,0
51651.65165,0.000855137,65.46542342,267.1338438,-34.65822823,-0.8,0
51801.8018,0.000839495,64.24154955,267.0187387,-34.05261261,-0.8,0
51951.95195,0.000824162,63.04202102,266.9084384,-33.436997,-0.8,0
52102.1021,0.000809072,61.86175075,266.7983183,-32.82138138,-0.8,0
52252.25225,0.000794285,60.70579279,266.6834234,-32.21099099,-0.8,0
52402.4024,0.000779741,59.5691021,266.5683183,-31.60015015,-0.8,0
52552.55255,0.00076548,58.45521321,266.4632132,-30.98453453,-0.8,0
52702.7027,0.000751451,57.35959459,266.3481081,-30.36918919,-0.8,0
52852.85285,0.000737696,56.28627327,266.2377177,-29.7633033,-0.8,0
53003.003,0.000724164,55.23121922,266.1275976,-29.14768769,-0.8,0
53153.15315,0.000710904,54.19643243,266.0127928,-28.53207207,-0.8,0
53303.3033,0.000697857,53.17996697,265.8976877,-27.92645646,-0.8,0
53453.45345,0.000685063,52.18327628,265.7872372,-27.31084084,-0.8,0
53603.6036,0.000672483,51.20286486,265.6771171,-26.69558559,-0.8,0
53753.75375,0.000660144,50.24266366,265.5623724,-26.08960961,-0.8,0
53903.9039,0.00064801,49.29883483,265.4568769,-25.47399399,-0.8,0
54054.05405,0.000636121,48.37318919,265.3421622,-24.85837838,-0.8,0
54204.2042,0.000624417,47.4639009,265.2270571,-24.25276276,-0.8,0
54354.35435,0.00061294,46.57185285,265.1165165,-23.63714715,-0.8,0
54504.5045,0.000601667,45.69514414,265.0063964,-23.02153153,-0.8,0
54654.65465,0.000590605,44.83656156,264.8917417,-22.41138138,-0.8,0
54804.8048,0.000579727,43.99238138,264.7766366,-21.8003003,-0.8,0
54954.95495,0.000569061,43.16494595,264.6715315,-21.18468468,-0.8,0
55105.10511,0.000558936,42.35394294,264.3877477,-20.5906006,-0.799489489,0
55255.25526,0.000549161,41.56090991,264.0273874,-20.0145045,-0.79,0
55405.40541,0.000539528,40.78027027,263.677027,-19.42891892,-0.78,0
55555.55556,0.000530062,40.01388889,263.3166667,-18.84333333,-0.78,0
55705.70571,0.000520741,39.25981381,262.9663063,-18.26774775,-0.77,0
55855.85586,0.000511585,38.52086486,262.6059459,-17.68216216,-0.764414414,0
56006.00601,0.000502564,37.79329129,262.2555856,-17.09657658,-0.76,0
56156.15616,0.000493699,37.0795045,261.8952252,-16.51660661,-0.754384384,0
56306.30631,0.000484969,36.37699099,261.5354955,-15.93540541,-0.749369369,0
56456.45646,0.000476399,35.68855856,261.1845045,-15.34981982,-0.74,0
56606.60661,0.000467953,35.01066667,260.8248048,-14.76489489,-0.739339339,0
56756.75676,0.000459654,34.34627027,260.4737838,-14.18864865,-0.73,0
56906.90691,0.000451489,33.69236937,260.1141141,-13.60306306,-0.72,0
57057.05706,0.00044346,33.05107808,259.7630631,-13.01747748,-0.72,0
57207.20721,0.000435556,32.42016216,259.4034234,-12.44189189,-0.71,0
57357.35736,0.000427798,31.80140841,259.0523423,-11.85630631,-0.704264264,0
57507.50751,0.000420153,31.19296997,258.6927327,-11.27072072,-0.7,0
57657.65766,0.000412644,30.59582883,258.3416216,-10.6909009,-0.694234234,0
57807.80781,0.000405251,30.00893994,257.9812613,-10.10954955,-0.689219219,0
57957.95796,0.000397992,29.43318018,257.6266967,-9.523963964,-0.68,0
58108.10811,0.000390849,28.86683784,257.2705405,-8.939189189,-0.679189189,0
58258.25826,0.000383821,28.31119219,256.916006,-8.362792793,-0.67,0
58408.40841,0.000376908,27.7648979,256.5598198,-7.777207207,-0.66,0
58558.55856,0.000370121,27.2297027,256.2053153,-7.191621622,-0.66,0
58708.70871,0.000363438,26.70286787,255.8490991,-6.616036036,-0.65,0
58858.85886,0.000356876,26.18629129,255.4946246,-6.03045045,-0.644114114,0
59009.00901,0.000350408,25.678,255.1383784,-5.444864865,-0.64,0
59159.15916,0.000344065,25.18036637,254.7839339,-4.865195195,-0.634084084,0
59309.30931,0.000337817,24.69011712,254.4276577,-4.283693694,-0.629069069,0
59459.45946,0.000331682,24.21051351,254.0732432,-3.698108108,-0.62,0
59609.60961,0.000325639,23.73821021,253.7169369,-3.113483483,-0.619039039,0
59759.75976,0.000319717,23.27513514,253.3625526,-2.536936937,-0.61,0
59909.90991,0.000313879,22.82036937,253.0062162,-1.951351351,-0.6,0
60060.06006,0.000308198,22.37322222,252.6158258,-1.437837838,-0.593993994,0
60210.21021,0.000302679,21.93239039,252.1803904,-1.022432432,-0.577957958,0
60360.36036,0.000297253,21.49997297,251.7389189,-0.610990991,-0.553963964,0
60510.51051,0.000291911,21.07467568,251.2995195,-0.201621622,-0.538948949,0
60660.66066,0.000286659,20.65818318,250.8640841,0.20984985,-0.523933934,0
60810.81081,0.000281492,20.24791892,250.4275676,0.62027027,-0.498918919,0
60960.96096,0.000276412,19.84584384,249.9832132,1.034594595,-0.483903904,0
61111.11111,0.000271404,19.45111111,249.5477778,1.441111111,-0.468888889,0
61261.26126,0.000266489,19.06317117,249.1062162,1.855405405,-0.447747748,0
61411.41141,0.000261647,18.68247147,248.6669069,2.270810811,-0.428858859,0
61561.56156,0.000256897,18.30894294,248.2314715,2.676216216,-0.413843844,0
61711.71171,0.000252209,17.94177477,247.786036,3.091621622,-0.397657658,0
61861.86186,0.000247609,17.58176877,247.3506006,3.497027027,-0.373813814,0
62012.01201,0.000243082,17.22813213,246.913964,3.912432432,-0.358798799,0
62162.16216,0.000238632,16.88164865,246.4697297,4.324054054,-0.343783784,0
62312.31231,0.000234255,16.54042042,246.0330631,4.733243243,-0.318768769,0
62462.46246,0.00022995,16.20595796,245.5888589,5.144894895,-0.303753754,0
62612.61261,0.000225709,15.87775676,245.1534234,5.555315315,-0.288738739,0
62762.76276,0.000221548,15.55531532,244.7117117,5.969459459,-0.267447447,0
62912.91291,0.000217453,15.23914114,244.2725526,6.376156156,-0.248708709,0
63063.06306,0.000213426,14.92872072,243.8371171,6.79027027,-0.233693694,0
63213.21321,0.000209466,14.62457357,243.3916817,7.205675676,-0.217357357,0
63363.36336,0.000205575,14.32554054,242.9562462,7.611081081,-0.193663664,0
63513.51351,0.000201749,14.03191892,242.5194595,8.026486486,-0.178648649,0
63663.66366,0.000197985,13.74403904,242.0753754,8.438258258,-0.163633634,0
63813.81381,0.000194284,13.46144444,241.6385586,8.847297297,-0.138618619,0
63963.96396,0.000190648,13.18494595,241.1945045,9.259099099,-0.123603604,0
64114.11411,0.000187068,12.91273574,240.7590691,9.66951952,-0.108588589,0
64264.26426,0.000183559,12.64589489,240.3172072,10.08351351,-0.087147147,0
64414.41441,0.000180103,12.38420721,239.8781982,10.49036036,-0.068558559,0
64564.56456,0.000176707,12.12724024,239.4363063,10.90432432,-0.053543544,0
64714.71471,0.000173366,11.87472072,238.9973273,11.31972973,-0.037057057,0
64864.86486,0.000170082,11.62827027,238.5618919,11.72513514,-0.013513514,0
65015.01502,0.000166862,11.38482583,238.1074474,12.12702703,0.001501502,0
65165.16517,0.000163698,11.14503904,237.5819219,12.40381381,0.016516517,0
65315.31532,0.000160586,10.90926126,237.0563964,12.6790991,0.031531532,0
65465.46547,0.000157528,10.67783784,236.5308709,12.95783784,0.046546547,0
65615.61562,0.000154521,10.45073273,235.9953453,13.22966967,0.061561562,0
65765.76577,0.000151568,10.22832432,235.4698198,13.50837838,0.076576577,0
65915.91592,0.000148656,10.00922432,234.9442943,13.78864865,0.091591592,0
66066.06607,0.000145801,9.79535045,234.4187688,14.05891892,0.106606607,0
66216.21622,0.000142992,9.585121622,233.8832432,14.33918919,0.121621622,0
66366.36637,0.000140235,9.379109009,233.3577177,14.6160961,0.136636637,0
66516.51652,0.000137516,9.176866066,232.8321922,14.88972973,0.151651652,0
66666.66667,0.000134857,8.978666667,232.3,15.16666667,0.166666667,0
66816.81682,0.000132231,8.784124925,231.7711411,15.44195195,0.181681682,0
66966.96697,0.000129655,8.593521622,231.2456156,15.72054054,0.196696697,0
67117.11712,0.000127124,8.40648018,230.7183784,15.99252252,0.211711712,0
67267.26727,0.00012463,8.223239339,230.1845646,16.27108108,0.226726727,0
67417.41742,0.00012219,8.04343003,229.659039,16.55135135,0.241741742,0
67567.56757,0.000119786,7.867183784,229.1267568,16.82162162,0.256756757,0
67717.71772,0.000117424,7.69439039,228.597988,17.10189189,0.271771772,0
67867.86787,0.000115102,7.524987988,228.0724625,17.37894895,0.286786787,0
68018.01802,0.00011282,7.35886036,227.5369369,17.65243243,0.301801802,0
68168.16817,0.000110581,7.196151051,227.0114114,17.92951952,0.316816817,0
68318.31832,0.000108376,7.036520721,226.4840541,18.2048048,0.331831832,0
68468.46847,0.000106221,6.880203604,225.9503604,18.48324324,0.346846847,0
68618.61862,0.000104091,6.726851051,225.422973,18.75537538,0.361861862,0
68768.76877,0.000102004,6.576612613,224.8893093,19.03378378,0.376876877,0
68918.91892,1.00E-04,6.429305405,224.3618919,19.31405405,0.391891892,0
69069.06907,9.79E-05,6.285077177,223.8282583,19.58432432,0.406906907,0
69219.21922,9.60E-05,6.143645345,223.3027327,19.86459459,0.421921922,0
69369.36937,9.40E-05,6.005057658,222.7702703,20.1418018,0.436936937,0
69519.51952,9.21E-05,5.869308108,222.2416817,20.41513514,0.451951952,0
69669.66967,9.02E-05,5.736290691,221.7091892,20.69237237,0.466966967,0
69819.81982,8.84E-05,5.605954054,221.1806306,20.96765766,0.481981982,0
69969.96997,8.66E-05,5.478345345,220.6481081,21.24594595,0.496996997,0
70120.12012,8.48E-05,5.354382583,220.2517117,21.20189189,0.512012012,0
70270.27027,8.30E-05,5.232815943,219.8896478,21.07321594,0.52,0
70420.42042,8.12E-05,5.114056333,219.518591,20.94286366,0.532142042,0
70570.57057,7.95E-05,4.998105372,219.1582306,20.82274354,0.547157057,0
70720.72072,7.78E-05,4.884518063,218.7978703,20.69262342,0.56,0
70870.87087,7.62E-05,4.77337491,218.4375099,20.56531622,0.567187087,0
71021.02102,7.46E-05,4.664476991,218.0671495,20.44238318,0.582202102,0
71171.17117,7.30E-05,4.557991495,217.7067892,20.31504595,0.597217117,0
71321.32132,7.14E-05,4.453732216,217.3464288,20.18991081,0.602232132,0
71471.47147,6.99E-05,4.351681757,216.9788213,20.06202282,0.617247147,0
71621.62162,6.84E-05,4.251760216,216.6157081,19.93964054,0.632262162,0
71771.77177,6.70E-05,4.153989435,216.2553477,19.81178258,0.64,0
71921.92192,6.55E-05,4.058305033,215.8926952,19.68166246,0.652292192,0
72072.07207,6.41E-05,3.964668387,215.524627,19.56154234,0.667307207,0
72222.22222,6.27E-05,3.873043444,215.1642667,19.43142222,0.68,0
72372.37237,6.14E-05,3.783390183,214.8039063,19.30396486,0.687337237,0
72522.52252,6.01E-05,3.695651027,214.4335459,19.18118198,0.702352252,0
72672.67267,5.88E-05,3.609753922,214.0731856,19.05369459,0.717367267,0
72822.82282,5.75E-05,3.525749802,213.7104429,18.92855946,0.722382282,0
72972.97297,5.62E-05,3.443532676,213.3424649,18.80082162,0.737397297,0
73123.12312,5.50E-05,3.363062991,212.9821045,18.67828919,0.752412312,0
73273.27327,5.38E-05,3.284377898,212.6143168,18.55058138,0.76,0
73423.42342,5.26E-05,3.207366171,212.2513838,18.42046126,0.772442342,0
73573.57357,5.15E-05,3.13206236,211.8910234,18.30034114,0.787457357,0
73723.72372,5.04E-05,3.058433718,211.5281907,18.17022102,0.8,0
73873.87387,4.93E-05,2.986360036,211.1603027,18.04261351,0.807487387,0
74024.02402,4.82E-05,2.915838901,210.7999423,17.91998078,0.822502402,0
74174.17417,4.71E-05,2.846920577,210.4320646,17.79234324,0.837517417,0
74324.32432,4.61E-05,2.779481324,210.0692216,17.66720811,0.842532432,0
74474.47447,4.51E-05,2.713493129,209.7088613,17.53962042,0.857547447,0
74624.62462,4.41E-05,2.648960784,209.3385009,17.41693784,0.872562462,0
74774.77477,4.31E-05,2.585901919,208.9781405,17.28938018,0.88,0
74924.92492,4.21E-05,2.524200405,208.6077802,17.15926006,0.892592492,0
75075.07508,4.12E-05,2.46422642,208.3539249,17.0011024,0.892392492,0
75225.22523,4.02E-05,2.405981964,208.2011523,16.80328468,0.877377477,0
75375.37538,3.93E-05,2.349006483,208.0436246,16.60071201,0.862362462,0
75525.52553,3.84E-05,2.293418183,207.8934745,16.40551682,0.847347447,0
75675.67568,3.75E-05,2.239073432,207.7433243,16.21032162,0.832332432,0
75825.82583,3.67E-05,2.185937787,207.5831742,16.00512643,0.817317417,0
75975.97598,3.58E-05,2.13399724,207.433024,15.80993123,0.802302402,0
76126.12613,3.50E-05,2.083294126,207.2828739,15.61473604,0.787287387,0
76276.27628,3.42E-05,2.033753381,207.1249961,15.41181321,0.772272372,0
76426.42643,3.34E-05,1.985378396,206.9725736,15.21434565,0.757257357,0
76576.57658,3.26E-05,1.938096108,206.8224234,15.01915045,0.742242342,0
76726.72673,3.19E-05,1.891898802,206.6695006,14.82118258,0.727227327,0
76876.87688,3.12E-05,1.846714814,206.5121231,14.61876006,0.712212312,0
77027.02703,3.04E-05,1.802672162,206.361973,14.42356486,0.697197297,0
77177.17718,2.97E-05,1.759519505,206.2040051,14.22836967,0.682182282,0
77327.32733,2.90E-05,1.717481658,206.0516727,14.02317447,0.667167267,0
77477.47748,2.84E-05,1.676354126,205.9015225,13.82797928,0.652152252,0
77627.62763,2.77E-05,1.636170934,205.7413724,13.63278408,0.637137237,0
77777.77778,2.71E-05,1.596996556,205.5912222,13.42971111,0.622122222,0
77927.92793,2.64E-05,1.55863909,205.4381793,13.23239369,0.607107207,0
78078.07808,2.58E-05,1.521188637,205.2809219,13.0371985,0.592092192,0
78228.22823,2.52E-05,1.484685225,205.1307718,12.83908048,0.577077177,0
78378.37838,2.46E-05,1.448966703,204.9806216,12.63680811,0.562062162,0
78528.52853,2.41E-05,1.414037967,204.8204715,12.44161291,0.547047147,0
78678.67868,2.35E-05,1.379972297,204.6703213,12.24641772,0.532032132,0
78828.82883,2.29E-05,1.346697315,204.5171883,12.04122252,0.517017117,0
78978.97898,2.24E-05,1.31420452,204.360021,11.84602733,0.502002102,0
79129.12913,2.19E-05,1.282433141,204.206858,11.65083213,0.486987087,0
79279.27928,2.14E-05,1.251442748,204.0497207,11.44760901,0.471972072,0
79429.42943,2.09E-05,1.221144544,203.8995706,11.25044174,0.456957057,0
79579.57958,2.04E-05,1.191586982,203.7413625,11.05524655,0.441942042,0
79729.72973,1.99E-05,1.162692081,203.5892703,10.85697838,0.426927027,0
79879.87988,1.94E-05,1.134475462,203.4391201,10.65485616,0.411912012,0
80030.03003,1.90E-05,1.107100775,203.285176,10.55895706,0.4,0
80180.18018,1.85E-05,1.081218189,203.1569378,10.85236036,0.4,0
80330.33033,1.81E-05,1.055867835,203.0349357,11.13952763,0.41,0
80480.48048,1.77E-05,1.031118682,202.9066676,11.43296096,0.41,0
80630.63063,1.73E-05,1.006886545,202.7815324,11.72326126,0.41,0
80780.78078,1.69E-05,0.983251308,202.6545754,12.01538348,0.418178078,0
80930.93093,1.65E-05,0.960152885,202.5244553,12.30386186,0.42,0
81081.08108,1.61E-05,0.937557086,202.396127,12.59595405,0.42,0
81231.23123,1.58E-05,0.915499695,202.2709919,12.89123934,0.423223123,0
81381.38138,1.54E-05,0.893932415,202.1440949,13.17652462,0.43,0
81531.53153,1.51E-05,0.872867636,202.0139748,13.47180991,0.43,0
81681.68168,1.47E-05,0.852268755,201.8855865,13.76536336,0.43,0
81831.83183,1.44E-05,0.832162915,201.7637345,14.05238048,0.44,0
81981.98198,1.40E-05,0.812494044,201.6353162,14.34596396,0.44,0
82132.13213,1.37E-05,0.793292038,201.5101811,14.63626426,0.44,0
82282.28228,1.34E-05,0.774524669,201.3833742,14.92823634,0.448328228,0
82432.43243,1.31E-05,0.756194735,201.2532541,15.21686486,0.45,0
82582.58258,1.28E-05,0.738275464,201.1247757,15.50880691,0.45,0
82732.73273,1.25E-05,0.720780736,200.9996405,15.80409219,0.453373273,0
82882.88288,1.22E-05,0.703672846,200.8728937,16.08937748,0.46,0
83033.03303,1.19E-05,0.686976576,200.7427736,16.38466276,0.46,0
83183.18318,1.16E-05,0.670648216,200.6142351,16.67836637,0.46,0
83333.33333,1.14E-05,0.6547053,200.4891,16.96523333,0.47,0
83483.48348,1.11E-05,0.639119753,200.3624132,17.25896697,0.47,0
83633.63363,1.08E-05,0.6239101,200.2322931,17.54926727,0.47,0
83783.78378,1.06E-05,0.609037276,200.1036946,17.84108919,0.478478378,0
83933.93393,1.03E-05,0.594527303,199.9785595,18.12986787,0.48,0
84084.08408,1.01E-05,0.580330605,199.8519327,18.42165976,0.48,0
84234.23423,9.87E-06,0.566483685,199.7218126,18.71694505,0.483523423,0
84384.38438,9.64E-06,0.552939559,199.5931541,19.00223033,0.49,0
84534.53453,9.42E-06,0.539722049,199.4680189,19.29751562,0.49,0
84684.68468,9.20E-06,0.526793959,199.3414523,19.59136937,0.49,0
84834.83483,8.98E-06,0.514189292,199.2113321,19.87808619,0.5,0
84984.98498,8.77E-06,0.501862224,199.0826135,20.17196997,0.5,0
85135.13514,8.56E-06,0.48926717,198.9510919,20.30529459,0.5,0
85285.28529,8.35E-06,0.476901864,198.8223432,20.41902823,0.5,0
85435.43544,8.14E-06,0.464857957,198.6908517,20.52914835,0.5,0
85585.58559,7.94E-06,0.453093641,198.562073,20.64926847,0.5,0
85735.73574,7.74E-06,0.441633799,198.4269378,20.75938859,0.5,0
85885.88589,7.55E-06,0.430440444,198.3004913,20.87082012,0.5,0
86036.03604,7.37E-06,0.41953822,198.1666676,20.98962883,0.5,0
86186.18619,7.18E-06,0.408892092,198.0315324,21.10103033,0.5,0
86336.33634,7.01E-06,0.398517395,197.9063973,21.21613544,0.5,0
86486.48649,6.83E-06,0.388388405,197.7712622,21.32998919,0.5,0
86636.63664,6.66E-06,0.378521146,197.646127,21.44634565,0.5,0
86786.78679,6.50E-06,0.368879203,197.5109919,21.56022943,0.5,0
86936.93694,6.34E-06,0.359499291,197.3796505,21.67034955,0.5,0
87087.08709,6.18E-06,0.350331923,197.2507216,21.79046967,0.5,0
87237.23724,6.02E-06,0.341405474,197.1155865,21.90058979,0.5,0
87387.38739,5.87E-06,0.332688886,196.9892901,22.01187117,0.5,0
87537.53754,5.73E-06,0.324199605,196.8553162,22.13083003,0.5,0
87687.68769,5.59E-06,0.315909915,196.7201811,22.24208138,0.5,0
87837.83784,5.45E-06,0.307831595,196.5950459,22.35718649,0.5,0
87987.98799,5.31E-06,0.299944827,196.4599108,22.47119039,0.5,0
88138.13814,5.18E-06,0.292273524,196.3286895,22.5873967,0.5,0
88288.28829,5.05E-06,0.284771301,196.1996405,22.70143063,0.5,0
88438.43844,4.92E-06,0.277476955,196.0645054,22.81155075,0.5,0
88588.58859,4.80E-06,0.270350377,195.9383291,22.93167087,0.5,0
88738.73874,4.68E-06,0.263407914,195.8042351,23.04179099,0.5,0
88888.88889,4.56E-06,0.256632978,195.6691,23.15292222,0.5,0
89039.03904,4.45E-06,0.250032306,195.5439649,23.27203123,0.5,0
89189.18919,4.34E-06,0.243587941,195.4088297,23.38313243,0.5,0
89339.33934,4.23E-06,0.237318019,195.2777285,23.49823754,0.5,0
89489.48949,4.12E-06,0.231195176,195.1485595,23.61239159,0.5,0
89639.63964,4.02E-06,0.22523099,195.0134243,23.72844775,0.5,0
89789.78979,3.92E-06,0.219405514,194.8782892,23.84263183,0.5,0
89939.93994,3.82E-06,0.21374294,194.7531541,23.95275195,0.5,0
90090.09009,3.72E-06,0.208060359,194.5360378,24.17307117,0.5,0
90240.24024,3.62E-06,0.202434111,194.2516435,24.44835646,0.5,0
90390.39039,3.53E-06,0.19693339,193.9754973,24.7245027,0.5,0
90540.54054,3.44E-06,0.191577773,193.691073,24.99477297,0.5,0
90690.69069,3.35E-06,0.186356671,193.4149568,25.26504324,0.5,0
90840.84084,3.26E-06,0.181272516,193.1305024,25.53112943,0.5,0
90990.99099,3.17E-06,0.176303496,192.8452171,25.79558378,0.5,0
91141.14114,3.09E-06,0.171479912,192.5599318,26.05163994,0.5,0
91291.29129,3.01E-06,0.166760512,192.2746465,26.3068952,0.5,0
91441.44144,2.93E-06,0.162178268,191.9893613,26.55215045,0.5,0
91591.59159,2.85E-06,0.157699289,191.704076,26.79814655,0.5,0
91741.74174,2.78E-06,0.153347586,191.4187907,27.03838679,0.5,0
91891.89189,2.70E-06,0.149099738,191.1335054,27.27862703,0.5,0
92042.04204,2.63E-06,0.144969256,190.8482201,27.51456306,0.49,0
92192.19219,2.56E-06,0.140931768,190.5629348,27.73978829,0.49,0
92342.34234,2.49E-06,0.137011768,190.2776495,27.96501351,0.49,0
92492.49249,2.43E-06,0.13318464,189.9923643,28.18088949,0.49,0
92642.64264,2.36E-06,0.129470755,189.707079,28.3910997,0.49,0
92792.79279,2.30E-06,0.125838973,189.4217937,28.60130991,0.49,0
92942.94294,2.24E-06,0.122320524,189.1465084,28.80712583,0.49,0
93093.09309,2.18E-06,0.118874677,188.8612231,29.00232102,0.49,0
93243.24324,2.12E-06,0.115536649,188.5859378,29.19751622,0.49,0
93393.39339,2.06E-06,0.112280542,188.3100919,29.38327207,0.480560661,0
93543.54354,2.01E-06,0.109113494,188.0298216,29.56345225,0.48,0
93693.69369,1.95E-06,0.106028249,187.7595514,29.74363243,0.48,0
93843.84384,1.90E-06,0.103026576,187.4892811,29.90932823,0.48,0
93993.99399,1.85E-06,0.100106616,187.2190108,30.07449339,0.48,0
94144.14414,1.80E-06,0.097265062,186.9487405,30.23514414,0.48,0
94294.29429,1.75E-06,0.094496209,186.6879997,30.38529429,0.470470571,0
94444.44444,1.70E-06,0.091809906,186.4227444,30.5309,0.47,0
94594.59459,1.65E-06,0.08918939,186.1674892,30.66603514,0.47,0
94744.74474,1.61E-06,0.086648063,185.9122339,30.80117027,0.47,0
94894.89489,1.56E-06,0.084169324,185.6665682,30.92671592,0.47,0
95045.04505,1.52E-06,0.081811073,185.5130225,31.01,0.47,0
95195.1952,1.48E-06,0.079613322,185.5977171,31.01,0.46038048,0
95345.34535,1.44E-06,0.077481238,185.6731727,31,0.46,0
95495.4955,1.40E-06,0.075401222,185.7482477,30.9807009,0.46,0
95645.64565,1.36E-06,0.073382479,185.8379874,30.96067087,0.46,0
95795.7958,1.32E-06,0.071412783,185.9183979,30.94032042,0.46,0
95945.94595,1.29E-06,0.069502359,186.0081676,30.90591622,0.45,0
96096.0961,1.25E-06,0.067637834,186.0982577,30.87058078,0.45,0
96246.24625,1.22E-06,0.065829242,186.1883477,30.82582613,0.45,0
96396.3964,1.18E-06,0.064065384,186.2881775,30.77104144,0.45,0
96546.54655,1.15E-06,0.062353101,186.3832826,30.72098138,0.44,0
96696.6967,1.12E-06,0.060683452,186.4883877,30.65115165,0.44,0
96846.84685,1.09E-06,0.059063953,186.5934928,30.58607658,0.44,0
96996.997,1.06E-06,0.057483931,186.6985979,30.5110015,0.44,0
97147.14715,1.03E-06,0.055951158,186.8185177,30.43592643,0.43,0
97297.2973,9.99E-07,0.05445684,186.9386378,30.35102162,0.43,0
97447.44745,9.71E-07,0.053006296,187.058758,30.25608679,0.43,0
97597.5976,9.44E-07,0.051592126,187.1887378,30.16084144,0.42014024,0
97747.74775,9.18E-07,0.050220295,187.313873,30.05587658,0.42,0
97897.8979,8.93E-07,0.048882754,187.4588979,29.95077147,0.42,0
98048.04805,8.68E-07,0.04758562,187.599048,29.83076156,0.42,0
98198.1982,8.44E-07,0.046320711,187.7491982,29.71064144,0.41008018,0
98348.34835,8.21E-07,0.045093759,187.8993483,29.58052132,0.41,0
98498.4985,7.98E-07,0.043897967,188.0594483,29.45045135,0.41,0
98648.64865,7.76E-07,0.042737181,188.2295784,29.31035135,0.405035135,0
98798.7988,7.54E-07,0.041606505,188.4097586,29.1602012,0.4,0
98948.94895,7.33E-07,0.040509868,188.5899387,29.01005105,0.4,0
99099.0991,7.13E-07,0.039440312,188.7801288,28.8499009,0.39,0
99249.24925,6.93E-07,0.0384043,188.975324,28.6897009,0.39,0
99399.3994,6.74E-07,0.037393376,189.1805592,28.51956066,0.39,0
99549.54955,6.55E-07,0.036413461,189.3958243,28.34934054,0.384945045,0
99699.6997,6.37E-07,0.035458655,189.6111195,28.16909039,0.38,0
99849.84985,6.19E-07,0.034532324,189.8513598,27.97898018,0.38,0
100000,6.02E-07,0.03363018,190.0932,27.7876,0.37,0
100150.1502,5.85E-07,0.032762444,190.5736805,27.42212462,0.37,0
100300.3003,5.68E-07,0.031917861,191.064291,27.05674925,0.36986997,0
100450.4505,5.52E-07,0.031099197,191.5597865,26.68651892,0.36,0
100600.6006,5.36E-07,0.030301725,192.055442,26.3159985,0.36,0
100750.7508,5.20E-07,0.029530106,192.5659526,25.94062312,0.354824925,0
100900.9009,5.06E-07,0.028777724,193.0766532,25.56524775,0.35,0
101051.0511,4.91E-07,0.028049675,193.6021787,25.18987237,0.35,0
101201.2012,4.77E-07,0.027339852,194.1279243,24.804497,0.34,0
101351.3514,4.64E-07,0.026652372,194.6684649,24.42388649,0.34,0
101501.5015,4.50E-07,0.025983118,195.2092556,24.03374625,0.33974985,0
101651.6517,4.38E-07,0.025334177,195.7648111,23.65310571,0.33,0
101801.8018,4.25E-07,0.024702513,196.3306468,23.26271532,0.33,0
101951.952,4.13E-07,0.024090604,196.9012174,22.87232492,0.324704805,0
102102.1021,4.02E-07,0.023493995,197.4820982,22.48162432,0.32,0
102252.2523,3.90E-07,0.022916109,198.0676838,22.08154414,0.32,0
102402.4024,3.79E-07,0.022353547,198.6639498,21.69081351,0.31,0
102552.5526,3.69E-07,0.021807746,199.2795655,21.29076336,0.31,0
102702.7027,3.59E-07,0.021276226,199.8955514,20.89037297,0.30962973,0
102852.8529,3.49E-07,0.020761439,200.526182,20.4945973,0.3,0
103003.003,3.39E-07,0.02025991,201.1672129,20.09919189,0.3,0
103153.1532,3.29E-07,0.019773251,201.8182739,19.69378649,0.294584685,0
103303.3033,3.20E-07,0.019299746,202.4793649,19.28838108,0.29,0
103453.4535,3.12E-07,0.018840551,203.1604859,18.88297568,0.284554655,0
103603.6036,3.03E-07,0.01839265,203.8511766,18.47757027,0.28,0
103753.7538,2.95E-07,0.017959404,204.5473426,18.07216486,0.28,0
103903.9039,2.87E-07,0.017536563,205.2635387,17.66675946,0.27,0
104054.0541,2.79E-07,0.017127354,205.9897649,17.26135405,0.27,0
104204.2042,2.71E-07,0.016728469,206.726021,16.85594865,0.26947958,0
104354.3544,2.64E-07,0.0163414,207.4823072,16.45054324,0.26,0
104504.5045,2.57E-07,0.015964514,208.2486234,16.04513784,0.25944955,0
104654.6547,2.50E-07,0.015598872,209.0349697,15.63416697,0.25,0
104804.8048,2.43E-07,0.015242591,209.8313459,15.22432703,0.24941952,0
104954.955,2.36E-07,0.014897423,210.6421568,14.81892162,0.24,0
105105.1051,2.30E-07,0.014560569,211.6763988,14.2868006,0.24,0
105255.2553,2.23E-07,0.014233051,212.8175399,13.7106045,0.234374474,0
105405.4054,2.17E-07,0.013915741,213.9586811,13.13501892,0.23,0
105555.5556,2.11E-07,0.013607192,215.1054778,12.55508889,0.23,0
105705.7057,2.05E-07,0.013307924,216.2616339,11.99518889,0.22,0
105855.8559,1.99E-07,0.013017405,217.4234757,11.43963333,0.22,0
106006.006,1.94E-07,0.012734109,218.5946468,10.89407778,0.21,0
106156.1562,1.89E-07,0.012460119,219.7715336,10.34423784,0.204284384,0
106306.3063,1.84E-07,0.012193287,220.9484505,9.814427928,0.2,0
106456.4565,1.79E-07,0.011934324,222.143906,9.283156757,0.2,0
106606.6066,1.74E-07,0.011682525,223.3416135,8.754137538,0.19,0
106756.7568,1.69E-07,0.011438012,224.5578297,8.237851351,0.19,0
106906.9069,1.65E-07,0.011199744,225.7740459,7.733116517,0.18,0
107057.0571,1.60E-07,0.010968753,227.0018736,7.228411712,0.18,0
107207.2072,1.56E-07,0.010743935,228.2381198,6.723736937,0.17,0
107357.3574,1.52E-07,0.010524965,229.4843661,6.243256456,0.17,0
107507.5075,1.48E-07,0.01031226,230.7414631,5.752775976,0.16,0
107657.6577,1.44E-07,0.010105639,232.0085901,5.284027027,0.16,0
107807.8078,1.40E-07,0.009904244,233.2848664,4.812695796,0.159119219,0
107957.958,1.37E-07,0.009708662,234.5670384,4.353126126,0.15,0
108108.1081,1.33E-07,0.009517879,235.8692405,3.902675676,0.149089189,0
108258.2583,1.30E-07,0.009332546,237.1755468,3.458151051,0.14,0
108408.4084,1.27E-07,0.009151917,238.4937348,3.022715616,0.14,0
108558.5586,1.24E-07,0.008976291,239.8300712,2.593236036,0.134044144,0
108708.7087,1.20E-07,0.008805055,241.1673784,2.163786486,0.129029129,0
108858.8589,1.17E-07,0.008638535,242.5247156,1.758381081,0.12,0
109009.009,1.15E-07,0.0084762,243.891082,1.343976577,0.12,0
109159.1592,1.12E-07,0.008318274,245.2634643,0.94757027,0.113984084,0
109309.3093,1.09E-07,0.008164139,246.6558766,0.553195796,0.11,0
109459.4595,1.06E-07,0.008014327,248.0583189,0.168851351,0.103954054,0
109609.6096,1.04E-07,0.007868078,249.4707913,-0.206524024,0.098939039,0
109759.7598,1.01E-07,0.007725807,250.9032937,-0.575823423,0.09,0
109909.9099,9.88E-08,0.007586905,252.3447351,-0.936183784,0.088909009,0
110060.0601,9.64E-08,0.007451818,253.8960847,-1.278226126,0.08,0
110210.2102,9.40E-08,0.00732027,255.6077964,-1.59242042,0.08,0
110360.3604,9.17E-08,0.007192273,257.3195081,-1.892720721,0.073863964,0
110510.5105,8.95E-08,0.007067419,259.0312198,-2.184172072,0.068848949,0
110660.6607,8.73E-08,0.00694591,260.7429315,-2.487155255,0.06,0
110810.8108,8.52E-08,0.006827258,262.4558243,-2.781259459,0.06,0
110960.961,8.32E-08,0.006711786,264.176355,-3.05152973,0.053803904,0
111111.1111,8.12E-08,0.006599074,265.8880667,-3.3318,0.05,0
111261.2613,7.93E-08,0.006489161,267.5997784,-3.595844144,0.043773874,0
111411.4114,7.75E-08,0.006381887,269.3127312,-3.861099399,0.04,0
111561.5616,7.57E-08,0.006277233,271.0332018,-4.110098498,0.033743844,0
111711.7117,7.40E-08,0.006175009,272.7549135,-4.36160991,0.03,0
111861.8619,7.23E-08,0.006075337,274.4729114,-4.616865165,0.023713814,0
112012.012,7.06E-08,0.005977811,276.1996381,-4.850819219,0.02,0
112162.1622,6.91E-08,0.005882734,277.9263649,-5.084743243,0.013683784,0
112312.3123,6.75E-08,0.005789793,279.6530916,-5.309968468,0.008668769,0
112462.4625,6.60E-08,0.005698986,281.3861646,-5.528847447,0,0
112612.6126,6.46E-08,0.005610177,283.1179063,-5.749057658,0,0
112762.7628,6.31E-08,0.005523428,284.859648,-5.959267868,0,0
112912.9129,6.18E-08,0.005438564,286.6013898,-6.158086787,-0.01,0
113063.0631,6.04E-08,0.005355593,288.3495378,-6.353281982,-0.01,0
113213.2132,5.91E-08,0.005274439,290.1048733,-6.555634535,-0.021421321,0
113363.3634,5.79E-08,0.005195074,291.8594877,-6.740108709,-0.023563664,0
113513.5135,5.66E-08,0.005117313,293.6198081,-6.907416216,-0.03,0
113663.6637,5.54E-08,0.005041339,295.3830312,-7.087596396,-0.036466366,0
113813.8138,5.43E-08,0.004966886,297.154803,-7.256295195,-0.04,0
113963.964,5.31E-08,0.004894152,298.9330712,-7.414963964,-0.04,0
114114.1141,5.20E-08,0.004822742,300.709858,-7.565114114,-0.05,0
114264.2643,5.09E-08,0.004752948,302.4966447,-7.721790691,-0.056526426,0
114414.4144,4.99E-08,0.004684494,304.2934315,-7.873872973,-0.06,0
114564.5646,4.89E-08,0.004617555,306.0867748,-8.002451652,-0.06,0
114714.7147,4.79E-08,0.004551927,307.890148,-8.144143243,-0.071571471,0
114864.8649,4.69E-08,0.004487607,309.7069649,-8.272691892,-0.073413514,0
115015.015,4.59E-08,0.004424502,311.5269847,-8.389609009,-0.08,0
115165.1652,4.50E-08,0.004362905,313.3738315,-8.492932132,-0.08,0
115315.3153,4.41E-08,0.004302423,315.2223099,-8.609789189,-0.08,0
115465.4655,4.32E-08,0.004243146,317.0775252,-8.699879279,-0.086646547,0
115615.6156,4.24E-08,0.004184953,318.9360336,-8.791630931,-0.1,0
115765.7658,4.15E-08,0.004127929,320.7978955,-8.890059459,-0.1,0
115915.9159,4.07E-08,0.004071892,322.6697574,-8.976766366,-0.11,0
116066.0661,3.99E-08,0.004016988,324.5383258,-9.05023964,-0.11,0
116216.2162,3.91E-08,0.003963105,326.4152027,-9.135164865,-0.111721622,0
116366.3664,3.84E-08,0.003910222,328.2988162,-9.186946547,-0.12,0
116516.5165,3.76E-08,0.003858227,330.1807081,-9.258758258,-0.121751652,0
116666.6667,3.69E-08,0.003807296,332.0726,-9.333833333,-0.13,0
116816.8168,3.62E-08,0.003757238,333.9662736,-9.387126727,-0.131781682,0
116966.967,3.55E-08,0.003708111,335.8731805,-9.44039009,-0.133203303,0
117117.1171,3.48E-08,0.003659839,337.7800874,-9.493623423,-0.14,0
117267.2673,3.42E-08,0.003612432,339.6869943,-9.53048018,-0.14,0
117417.4174,3.35E-08,0.003565846,341.6057429,-9.575525225,-0.15,0
117567.5676,3.29E-08,0.003520093,343.5276649,-9.62057027,-0.156856757,0
117717.7177,3.23E-08,0.003475078,345.4614586,-9.651871772,-0.16,0
117867.8679,3.17E-08,0.003430922,347.3983955,-9.673773574,-0.16,0
118018.018,3.11E-08,0.00338748,349.3372342,-9.711901802,-0.161901802,0
118168.1682,3.05E-08,0.003344825,351.2891862,-9.733833634,-0.163083183,0
118318.3183,3.00E-08,0.003302868,353.24307,-9.75,-0.17,0
118468.4685,2.94E-08,0.003261635,355.2030901,-9.75,-0.176946847,0
118618.6186,2.89E-08,0.003221062,357.1770039,-9.751961862,-0.18,0
118768.7688,2.84E-08,0.003181181,359.1509477,-9.766976877,-0.186976877,0
118918.9189,2.78E-08,0.003141961,361.1329297,-9.776016216,-0.181991892,0
119069.0691,2.73E-08,0.003103432,363.1149117,-9.774013814,-0.19,0
119219.2192,2.68E-08,0.003065465,365.1109375,-9.757978078,-0.19,0
119369.3694,2.64E-08,0.003028219,367.1159126,-9.757036937,-0.19,0
119519.5195,2.59E-08,0.002991455,369.1249616,-9.737948048,-0.2,0
119669.6697,2.54E-08,0.00295541,371.1369736,-9.737066967,-0.192933033,0
119819.8198,2.50E-08,0.002919828,373.1610676,-9.715836036,-0.202081982,0
119969.97,2.45E-08,0.002884835,375.1880946,-9.678709009,-0.21,0
120120.1201,2.41E-08,0.002850427,377.2272336,-9.663663964,-0.217887988,0
120270.2703,2.37E-08,0.002816707,379.2692757,-9.632872973,-0.217127027,0
120420.4204,2.33E-08,0.002783509,381.3134598,-9.607857958,-0.22,0
120570.5706,2.29E-08,0.002750912,383.3705168,-9.585685886,-0.227157057,0
120720.7207,2.25E-08,0.002718839,385.4275739,-9.543483784,-0.22,0
120870.8709,2.21E-08,0.002687379,387.491818,-9.512812913,-0.227187087,0
121021.021,2.17E-08,0.00265643,389.5638901,-9.495595796,-0.227797898,0
121171.1712,2.13E-08,0.002626021,391.6359622,-9.458348649,-0.227217117,0
121321.3213,2.10E-08,0.002596103,393.7102664,-9.433303604,-0.232232132,0
121471.4715,2.06E-08,0.002566741,395.7973535,-9.395505706,-0.232752853,0
121621.6216,2.03E-08,0.002537902,397.8844405,-9.345475676,-0.237737838,0
121771.7718,1.99E-08,0.002509446,399.9788048,-9.315445646,-0.237277177,0
121921.9219,1.96E-08,0.002481582,402.0786147,-9.288539039,-0.25,0
122072.0721,1.93E-08,0.002454101,404.173009,-9.235385586,-0.25,0
122222.2222,1.89E-08,0.002427066,406.2774333,-9.205355556,-0.247677778,0
122372.3724,1.86E-08,0.00240056,408.3872132,-9.167988288,-0.24,0
122522.5225,1.83E-08,0.002374454,410.5016676,-9.125295495,-0.257647748,0
122672.6727,1.80E-08,0.002348702,412.6187847,-9.095265465,-0.257367267,0
122822.8228,1.77E-08,0.002323445,414.7359018,-9.040470871,-0.262382282,0
122972.973,1.74E-08,0.002298594,416.8530189,-8.995205405,-0.255205405,0
123123.1231,1.72E-08,0.002274116,418.980136,-8.952763063,-0.267587688,0
123273.2733,1.69E-08,0.002250091,421.1046805,-8.907718018,-0.267427327,0
123423.4234,1.66E-08,0.00222639,423.2268126,-8.865115315,-0.267557658,0
123573.5736,1.64E-08,0.002203116,425.3589447,-8.827627928,-0.26,0
123723.7237,1.61E-08,0.002180167,427.4910769,-8.772582883,-0.27,0
123873.8739,1.59E-08,0.002157569,429.6306964,-8.72005045,-0.277487387,0
124024.024,1.56E-08,0.002135346,431.7653411,-8.674995195,-0.277497598,0
124174.1742,1.54E-08,0.0021135,433.8974733,-8.637447748,-0.277517417,0
124324.3243,1.51E-08,0.002091904,436.0396054,-8.572402703,-0.272532432,0
124474.4745,1.49E-08,0.002070734,438.179285,-8.534905105,-0.287547447,0
124624.6246,1.47E-08,0.002049864,440.3164321,-8.477187688,-0.28,0
124774.7748,1.44E-08,0.002029295,442.4560018,-8.424845045,-0.28,0
124924.9249,1.42E-08,0.002009052,444.5981339,-8.364815015,-0.287407508,0
125075.0751,1.40E-08,0.001989082,446.7378736,-8.311962462,-0.287607508,0
125225.2252,1.38E-08,0.001969491,448.8823982,-8.272132432,-0.292622523,0
125375.3754,1.36E-08,0.001950124,451.0221679,-8.21944985,-0.284724925,0
125525.5255,1.34E-08,0.001931058,453.159315,-8.152042342,-0.297347447,0
125675.6757,1.32E-08,0.001912292,455.2987946,-8.09932973,-0.29,0
125825.8258,1.30E-08,0.001893827,457.4409267,-8.04926967,-0.292682583,0
125975.976,1.28E-08,0.001875586,459.5807565,-7.98920961,-0.3,0
126126.1261,1.26E-08,0.001857599,461.715191,-7.934574775,-0.297287387,0
126276.2763,1.24E-08,0.001839881,463.8550508,-7.881361862,-0.29,0
126426.4264,1.23E-08,0.001822446,465.9921979,-7.816286787,-0.292742643,0
126576.5766,1.21E-08,0.001805256,468.1315874,-7.748969369,-0.292242342,0
126726.7267,1.19E-08,0.001788322,470.2637195,-7.708909309,-0.29,0
126876.8769,1.17E-08,0.001771656,472.3958517,-7.633273874,-0.297787688,0
127027.027,1.16E-08,0.001755145,474.5379838,-7.585986486,-0.302802703,0
127177.1772,1.14E-08,0.001738935,476.6701159,-7.518729129,-0.31,0
127327.3273,1.13E-08,0.001722926,478.802248,-7.465836336,-0.31,0
127477.4775,1.11E-08,0.00170716,480.9343802,-7.406456757,-0.302152252,0
127627.6276,1.09E-08,0.00169158,483.0565123,-7.341411712,-0.307137237,0
127777.7778,1.08E-08,0.001676265,485.1886444,-7.280611111,-0.3,0
127927.9279,1.06E-08,0.001661107,487.3178838,-7.211321622,-0.307107207,0
128078.0781,1.05E-08,0.001646171,489.4429087,-7.158368769,-0.3,0
128228.2282,1.04E-08,0.001631465,491.5650408,-7.105385886,-0.3,0
128378.3784,1.02E-08,0.00161698,493.6892351,-7.038248649,-0.3,0
128528.5285,1.01E-08,0.001602624,495.8063523,-6.988188589,-0.29,0
128678.6787,9.95E-09,0.00158851,497.9234694,-6.928128529,-0.297967868,0
128828.8288,9.82E-09,0.001574556,500.0405865,-6.862102703,-0.292982883,0
128978.979,9.68E-09,0.001560822,502.1577036,-6.796006306,-0.292002102,0
129129.1291,9.56E-09,0.001547219,504.2748207,-6.734935435,-0.293012913,0
129279.2793,9.43E-09,0.001533855,506.3839099,-6.667888288,-0.291972072,0
129429.4294,9.31E-09,0.001520622,508.496012,-6.600871171,-0.296957057,0
129579.5796,9.19E-09,0.00150757,510.6061721,-6.531652252,-0.298057958,0
129729.7297,9.07E-09,0.001494688,512.7102162,-6.467708108,-0.3,0
129879.8799,8.95E-09,0.001482006,514.8123183,-6.423824024,-0.291912012,0
130030.03,8.84E-09,0.001469425,516.9144204,-6.354484985,-0.29,0
130180.1802,8.72E-09,0.001457043,519.0084045,-6.287527928,-0.29,0
130330.3303,8.61E-09,0.001444862,521.1054916,-6.231201802,-0.283133033,0
130480.4805,8.50E-09,0.001432782,523.2007267,-6.173703904,-0.281851952,0
130630.6306,8.39E-09,0.001420901,525.2896658,-6.104184685,-0.28,0
130780.7808,8.29E-09,0.001409121,527.3767529,-6.045465766,-0.28,0
130930.9309,8.19E-09,0.001397473,529.4638399,-5.980420721,-0.283613814,0
131081.0811,8.08E-09,0.001386062,531.550927,-5.927167568,-0.27,0
131231.2312,7.98E-09,0.001374683,533.6280141,-5.860330631,-0.266776877,0
131381.3814,7.88E-09,0.001363504,535.7068631,-5.798809309,-0.268238138,0
131531.5315,7.79E-09,0.001352425,537.7789351,-5.733734234,-0.27,0
131681.6817,7.69E-09,0.001341547,539.8510072,-5.683463664,-0.27,0
131831.8318,7.60E-09,0.001330769,541.9197961,-5.616867267,-0.26,0
131981.982,7.51E-09,0.001320108,543.9851514,-5.548509009,-0.26,0
132132.1321,7.42E-09,0.001309614,546.0439102,-5.486747147,-0.253313213,0
132282.2823,7.33E-09,0.001299254,548.1009673,-5.435015315,-0.251671772,0
132432.4324,7.24E-09,0.001288927,550.1580243,-5.353313514,-0.246656757,0
132582.5826,7.15E-09,0.0012788,552.2150814,-5.298208709,-0.24,0
132732.7327,7.07E-09,0.001268774,554.2587652,-5.246506907,-0.25,0
132882.8829,6.99E-09,0.001258864,556.3091955,-5.194835135,-0.233223423,0
133033.033,6.90E-09,0.001249088,558.3494459,-5.126386787,-0.23,0
133183.1832,6.82E-09,0.001239412,560.3848913,-5.066326727,-0.23,0
133333.3333,6.74E-09,0.001229837,562.4235,-5.016266667,-0.223433333,0
133483.4835,6.66E-09,0.001220462,564.450527,-4.93930991,-0.221551652,0
133633.6336,6.59E-09,0.001211087,566.4775541,-4.89960991,-0.213073273,0
133783.7838,6.51E-09,0.001201843,568.5045811,-4.82912973,-0.216956757,0
133933.9339,6.44E-09,0.001192769,570.5216081,-4.783013213,-0.21951982,0
134084.0841,6.36E-09,0.001183695,572.5401267,-4.744474775,-0.191491592,0
134234.2342,6.29E-09,0.001174821,574.5521387,-4.672382883,-0.193523423,0
134384.3844,6.22E-09,0.001165962,576.5641508,-4.597307808,-0.191461562,0
134534.5345,6.15E-09,0.001157275,578.5626093,-4.55933964,-0.19,0
134684.6847,6.08E-09,0.001148716,580.5681748,-4.497157658,-0.19,0
134834.8348,6.01E-09,0.001140157,582.5630198,-4.45924955,-0.172833033,0
134984.985,5.95E-09,0.001131685,584.5536003,-4.397007508,-0.168598498,0
135135.1351,5.88E-09,0.001123413,586.5405973,-4.339159459,-0.17,0
135285.2853,5.82E-09,0.001115154,588.5289658,-4.294114414,-0.152742943,0
135435.4354,5.75E-09,0.001107032,590.5073042,-4.228138739,-0.153643544,0
135585.5856,5.69E-09,0.001099011,592.4829297,-4.181341441,-0.142682883,0
135735.7357,5.63E-09,0.00109099,594.4512381,-4.131632132,-0.14,0
135885.8859,5.57E-09,0.001083095,596.4182051,-4.065245646,-0.14,0
136036.036,5.51E-09,0.001075311,598.3814685,-4.021481982,-0.132592793,0
136186.1862,5.45E-09,0.001067654,600.342139,-3.972562763,-0.12,0
136336.3363,5.39E-09,0.001059996,602.2953724,-3.935065465,-0.13,0
136486.4865,5.33E-09,0.001052426,604.2473243,-3.883754054,-0.112502703,0
136636.6366,5.28E-09,0.001044956,606.1855126,-3.828709009,-0.106236336,0
136786.7868,5.22E-09,0.001037598,608.1312282,-3.783663964,-0.091221321,0
136936.9369,5.16E-09,0.001030279,610.0655928,-3.751031532,-0.09,0
137087.0871,5.11E-09,0.001023072,611.9963234,-3.693573874,-0.081191291,0
137237.2372,5.06E-09,0.001015903,613.9194366,-3.654705105,-0.073823724,0
137387.3874,5.00E-09,0.001008846,615.8413586,-3.603483784,-0.062322523,0
137537.5375,4.95E-09,0.001001812,617.7594267,-3.552292492,-0.06,0
137687.6877,4.90E-09,0.000994871,619.6752024,-3.504524925,-0.051131231,0
137837.8378,4.85E-09,0.000988017,621.5832405,-3.464464865,-0.04,0
137987.988,4.80E-09,0.000981227,623.4812486,-3.422202402,-0.04,0
138138.1381,4.75E-09,0.000974508,625.3831405,-3.382172372,-0.028258559,0
138288.2883,4.70E-09,0.000967853,627.2750324,-3.352142342,-0.01,0
138438.4384,4.66E-09,0.00096127,629.1629805,-3.29,-0.016056156,0
138588.5886,4.61E-09,0.000954751,631.0488162,-3.254164565,-0.01,0
138738.7387,4.56E-09,0.000948293,632.9267342,-3.218078378,0.003973874,0
138888.8889,4.52E-09,0.000941909,634.7946222,-3.164044444,0.01,0
139039.039,4.47E-09,0.000935586,636.6664841,-3.141992192,0.014003904,0
139189.1892,4.43E-09,0.000929328,638.5283459,-3.111962162,0.029018919,0
139339.3393,4.38E-09,0.000923132,640.3861739,-3.057898198,0.034033934,0
139489.4895,4.34E-09,0.000916988,642.2420697,-3.021902102,0.058097898,0
139639.6396,4.30E-09,0.000910916,644.0898676,-2.991872072,0.058127928,0
139789.7898,4.26E-09,0.000904898,645.9367144,-2.952763063,0.07,0
139939.9399,4.22E-09,0.000898943,647.7694673,-2.921812012,0.08,0
140090.0901,4.17E-09,0.000893039,649.6012991,-2.873563964,0.089109009,0
140240.2402,4.13E-09,0.000887204,651.4331309,-2.863503904,0.1,0
140390.3904,4.09E-09,0.000881411,653.2558237,-2.812582883,0.109139039,0
140540.5405,4.06E-09,0.000875686,655.0726405,-2.777537838,0.105845946,0
140690.6907,4.02E-09,0.000870013,656.8802883,-2.750830931,0.118338138,0
140840.8408,3.98E-09,0.000864394,658.6920901,-2.705815916,0.118368168,0
140990.991,3.94E-09,0.000858826,660.4938919,-2.690800901,0.148398198,0
141141.1411,3.90E-09,0.000853312,662.2914796,-2.668929429,0.155785886,0
141291.2913,3.87E-09,0.00084785,664.0782664,-2.64,0.168458258,0
141441.4414,3.83E-09,0.000842441,665.8650532,-2.6,0.164244144,0
141591.5916,3.79E-09,0.000837084,667.6518399,-2.581481682,0.188518318,0
141741.7417,3.76E-09,0.000831775,669.4243526,-2.56,0.188548348,0
141891.8919,3.72E-09,0.000826509,671.1961243,-2.532132432,0.218578378,0
142042.042,3.69E-09,0.000821305,672.9578961,-2.501391592,0.21,0
142192.1922,3.66E-09,0.000816144,674.7203486,-2.49,0.219319219,0
142342.3423,3.62E-09,0.000811031,676.4771054,-2.466997297,0.24,0
142492.4925,3.59E-09,0.000805959,678.2245129,-2.431301502,0.24,0
142642.6426,3.56E-09,0.00080097,679.9546547,-2.411471471,0.244264264,0
142792.7928,3.53E-09,0.000795998,681.6963964,-2.390720721,0.268558559,0
142942.9429,3.49E-09,0.000791066,683.4238438,-2.371411411,0.275705706,0
143093.0931,3.46E-09,0.000786174,685.1505706,-2.369309309,0.288618619,0
143243.2432,3.43E-09,0.000781342,686.8772973,-2.331351351,0.29,0
143393.3934,3.40E-09,0.000776541,688.5946847,-2.301321321,0.308678679,0
143543.5435,3.37E-09,0.000771784,690.3063964,-2.282582583,0.32,0
143693.6937,3.34E-09,0.000767067,692.0087387,-2.250630631,0.32,0
143843.8438,3.31E-09,0.000762401,693.7154354,-2.26,0.344384384,0
143993.994,3.28E-09,0.000757774,695.4027327,-2.241201201,0.359399399,0
144144.1441,3.25E-09,0.000753188,697.0944144,-2.231171171,0.358828829,0
144294.2943,3.22E-09,0.000748633,698.7760961,-2.201141141,0.37,0
144444.4444,3.20E-09,0.000744131,700.4577778,-2.194444444,0.388888889,0
144594.5946,3.17E-09,0.000739661,702.13,-2.2,0.4,0
144744.7447,3.14E-09,0.000735229,703.7966667,-2.18,0.414474474,0
144894.8949,3.11E-09,0.000730839,705.4633333,-2.161021021,0.410510511,0
145045.045,3.09E-09,0.000726488,707.12,-2.150990991,0.435495495,0
145195.1952,3.06E-09,0.000722168,708.7771471,-2.14951952,0.449039039,0
145345.3453,3.03E-09,0.000717892,710.4187988,-2.15,0.469069069,0
145495.4955,3.01E-09,0.000713647,712.0609009,-2.14045045,0.47045045,0
145645.6456,2.98E-09,0.000709446,713.6975375,-2.1,0.48,0
145795.7958,2.96E-09,0.000705276,715.3245946,-2.10957958,0.508738739,0
145945.9459,2.93E-09,0.000701141,716.9462162,-2.09,0.51,0
146096.0961,2.91E-09,0.000697046,718.5678378,-2.09960961,0.51960961,0
146246.2462,2.88E-09,0.000692981,720.1848348,-2.090750751,0.534624625,0
146396.3964,2.86E-09,0.000688947,721.7914414,-2.08963964,0.54,0
146546.5465,2.84E-09,0.000684951,723.3933934,-2.08,0.549309309,0
146696.6967,2.81E-09,0.000680987,724.9946547,-2.08966967,0.56966967,0
146846.8468,2.79E-09,0.000677057,726.5865766,-2.08,0.574684685,0
146996.997,2.77E-09,0.000673158,728.1684685,-2.060600601,0.58,0
147147.1471,2.74E-09,0.000669293,729.755045,-2.085285285,0.614714715,0
147297.2973,2.72E-09,0.000665459,731.3316216,-2.099459459,0.639459459,0
147447.4474,2.70E-09,0.000661654,732.8981982,-2.08,0.629489489,0
147597.5976,2.68E-09,0.00065789,734.465015,-2.08975976,0.64975976,0
147747.7477,2.66E-09,0.000654146,736.0265766,-2.08,0.665225225,0
147897.8979,2.63E-09,0.000650432,737.5783483,-2.08,0.66978979,0
148048.048,2.61E-09,0.000646758,739.1248949,-2.074804805,0.674804805,0
148198.1982,2.59E-09,0.000643104,740.6714414,-2.08981982,0.69963964,0
148348.3483,2.57E-09,0.00063949,742.207988,-2.095165165,0.71,0
148498.4985,2.55E-09,0.000635896,743.7446847,-2.0703003,0.71,0
148648.6486,2.53E-09,0.000632332,745.2713514,-2.084864865,0.72972973,0
148798.7988,2.51E-09,0.000628798,746.7878679,-2.07024024,0.74987988,0
148948.9489,2.49E-09,0.000625289,748.3094895,-2.114894895,0.764894895,0
149099.0991,2.47E-09,0.000621811,749.8209009,-2.11009009,0.78981982,0
149249.2492,2.45E-09,0.000618362,751.3224925,-2.11984985,0.8,0
149399.3994,2.43E-09,0.000614934,752.823994,-2.13993994,0.80993994,0
149549.5495,2.41E-09,0.00061154,754.3254955,-2.144954955,0.825045045,0
149699.6997,2.39E-09,0.000608167,755.817027,-2.15996997,0.83993994,0
149849.8498,2.38E-09,0.000604823,757.2985285,-2.154984985,0.844984985,0
150000,2.36E-09,0.00060151,758.78,-2.17,0.86,0
